location,latitude,longitude,year,month,date,temperature_celsius,precipitation_mm,humidity_pct
Uganda_Central,0.3476,32.5825,2014,1,2014-01-31,21.66,127.04,84.86
Uganda_North,3.1864,32.3144,2014,1,2014-01-31,24.67,109.82,91.58
South_Sudan,4.8594,31.5713,2014,1,2014-01-31,25.36,71.98,72.31
DRC_East,-1.6872,29.2208,2014,1,2014-01-31,16.93,121.23,81.12
Kenya_North,3.119,35.6089,2014,1,2014-01-31,25.56,64.87,74.72
Uganda_Central,0.3476,32.5825,2014,2,2014-02-28,23.53,85.23,76.49
Uganda_North,3.1864,32.3144,2014,2,2014-02-28,24.12,68.2,76.67
South_Sudan,4.8594,31.5713,2014,2,2014-02-28,24.27,54.98,75.49
DRC_East,-1.6872,29.2208,2014,2,2014-02-28,21.62,73.58,68.81
Kenya_North,3.119,35.6089,2014,2,2014-02-28,23.49,46.99,75.96
Uganda_Central,0.3476,32.5825,2014,3,2014-03-31,23.46,70.31,63.28
Uganda_North,3.1864,32.3144,2014,3,2014-03-31,25.26,50.3,76.31
South_Sudan,4.8594,31.5713,2014,3,2014-03-31,28.88,50.98,75.82
DRC_East,-1.6872,29.2208,2014,3,2014-03-31,19.55,18.71,59.23
Kenya_North,3.119,35.6089,2014,3,2014-03-31,24.68,55.37,76.01
Uganda_Central,0.3476,32.5825,2014,4,2014-04-30,25.06,128.9,81.3
Uganda_North,3.1864,32.3144,2014,4,2014-04-30,28.62,81.76,79.39
South_Sudan,4.8594,31.5713,2014,4,2014-04-30,33.51,71.21,71.1
DRC_East,-1.6872,29.2208,2014,4,2014-04-30,22.21,144.91,81.53
Kenya_North,3.119,35.6089,2014,4,2014-04-30,27.39,74.91,71.46
Uganda_Central,0.3476,32.5825,2014,5,2014-05-31,29.63,149.84,87.36
Uganda_North,3.1864,32.3144,2014,5,2014-05-31,28.4,135.17,93.43
South_Sudan,4.8594,31.5713,2014,5,2014-05-31,30.38,110.64,84.61
DRC_East,-1.6872,29.2208,2014,5,2014-05-31,24.19,194.2,97.54
Kenya_North,3.119,35.6089,2014,5,2014-05-31,29.15,100.62,81.38
Uganda_Central,0.3476,32.5825,2014,6,2014-06-30,32.72,156.0,94.6
Uganda_North,3.1864,32.3144,2014,6,2014-06-30,29.12,138.54,80.79
South_Sudan,4.8594,31.5713,2014,6,2014-06-30,31.6,110.48,85.66
DRC_East,-1.6872,29.2208,2014,6,2014-06-30,25.22,186.34,93.74
Kenya_North,3.119,35.6089,2014,6,2014-06-30,26.55,99.07,75.14
Uganda_Central,0.3476,32.5825,2014,7,2014-07-31,28.5,111.34,88.33
Uganda_North,3.1864,32.3144,2014,7,2014-07-31,29.4,94.08,80.56
South_Sudan,4.8594,31.5713,2014,7,2014-07-31,31.75,73.75,78.44
DRC_East,-1.6872,29.2208,2014,7,2014-07-31,23.6,141.55,85.15
Kenya_North,3.119,35.6089,2014,7,2014-07-31,29.86,62.8,74.71
Uganda_Central,0.3476,32.5825,2014,8,2014-08-31,27.28,16.44,60.93
Uganda_North,3.1864,32.3144,2014,8,2014-08-31,29.43,52.57,83.34
South_Sudan,4.8594,31.5713,2014,8,2014-08-31,32.36,51.59,63.67
DRC_East,-1.6872,29.2208,2014,8,2014-08-31,27.72,71.3,84.72
Kenya_North,3.119,35.6089,2014,8,2014-08-31,30.86,37.92,64.41
Uganda_Central,0.3476,32.5825,2014,9,2014-09-30,26.1,77.3,74.95
Uganda_North,3.1864,32.3144,2014,9,2014-09-30,28.58,50.43,63.11
South_Sudan,4.8594,31.5713,2014,9,2014-09-30,31.0,8.73,68.08
DRC_East,-1.6872,29.2208,2014,9,2014-09-30,21.52,80.81,68.78
Kenya_North,3.119,35.6089,2014,9,2014-09-30,34.6,39.65,62.78
Uganda_Central,0.3476,32.5825,2014,10,2014-10-31,23.2,113.06,89.65
Uganda_North,3.1864,32.3144,2014,10,2014-10-31,24.89,93.05,87.25
South_Sudan,4.8594,31.5713,2014,10,2014-10-31,28.32,89.71,80.92
DRC_East,-1.6872,29.2208,2014,10,2014-10-31,25.3,123.51,86.31
Kenya_North,3.119,35.6089,2014,10,2014-10-31,27.26,10.59,67.38
Uganda_Central,0.3476,32.5825,2014,11,2014-11-30,22.14,144.47,91.65
Uganda_North,3.1864,32.3144,2014,11,2014-11-30,27.58,138.39,93.35
South_Sudan,4.8594,31.5713,2014,11,2014-11-30,27.99,97.45,78.08
DRC_East,-1.6872,29.2208,2014,11,2014-11-30,16.61,192.24,100.0
Kenya_North,3.119,35.6089,2014,11,2014-11-30,29.59,86.84,65.51
Uganda_Central,0.3476,32.5825,2014,12,2014-12-31,19.09,30.64,68.49
Uganda_North,3.1864,32.3144,2014,12,2014-12-31,23.83,28.9,64.81
South_Sudan,4.8594,31.5713,2014,12,2014-12-31,26.29,88.59,74.74
DRC_East,-1.6872,29.2208,2014,12,2014-12-31,22.47,201.78,93.66
Kenya_North,3.119,35.6089,2014,12,2014-12-31,22.01,83.15,89.22
Uganda_Central,0.3476,32.5825,2015,1,2015-01-31,25.04,122.71,81.49
Uganda_North,3.1864,32.3144,2015,1,2015-01-31,27.46,107.77,87.49
South_Sudan,4.8594,31.5713,2015,1,2015-01-31,26.22,66.27,70.96
DRC_East,-1.6872,29.2208,2015,1,2015-01-31,19.15,135.32,93.23
Kenya_North,3.119,35.6089,2015,1,2015-01-31,27.97,14.75,58.76
Uganda_Central,0.3476,32.5825,2015,2,2015-02-28,23.84,78.44,76.01
Uganda_North,3.1864,32.3144,2015,2,2015-02-28,25.14,63.63,77.97
South_Sudan,4.8594,31.5713,2015,2,2015-02-28,30.86,42.75,64.36
DRC_East,-1.6872,29.2208,2015,2,2015-02-28,18.73,76.75,77.95
Kenya_North,3.119,35.6089,2015,2,2015-02-28,24.96,40.69,65.15
Uganda_Central,0.3476,32.5825,2015,3,2015-03-31,22.7,62.97,66.79
Uganda_North,3.1864,32.3144,2015,3,2015-03-31,25.61,14.13,64.74
South_Sudan,4.8594,31.5713,2015,3,2015-03-31,28.86,54.99,67.75
DRC_East,-1.6872,29.2208,2015,3,2015-03-31,19.4,96.69,82.54
Kenya_North,3.119,35.6089,2015,3,2015-03-31,26.91,47.93,68.51
Uganda_Central,0.3476,32.5825,2015,4,2015-04-30,25.71,128.06,83.55
Uganda_North,3.1864,32.3144,2015,4,2015-04-30,25.35,87.58,78.03
South_Sudan,4.8594,31.5713,2015,4,2015-04-30,27.7,15.15,62.01
DRC_East,-1.6872,29.2208,2015,4,2015-04-30,21.67,127.22,76.1
Kenya_North,3.119,35.6089,2015,4,2015-04-30,32.56,62.96,85.89
Uganda_Central,0.3476,32.5825,2015,5,2015-05-31,26.52,32.7,66.66
Uganda_North,3.1864,32.3144,2015,5,2015-05-31,32.17,141.24,88.68
South_Sudan,4.8594,31.5713,2015,5,2015-05-31,30.14,112.26,88.28
DRC_East,-1.6872,29.2208,2015,5,2015-05-31,24.55,181.08,95.64
Kenya_North,3.119,35.6089,2015,5,2015-05-31,30.33,18.52,56.97
Uganda_Central,0.3476,32.5825,2015,6,2015-06-30,28.73,166.07,97.39
Uganda_North,3.1864,32.3144,2015,6,2015-06-30,31.13,26.44,69.2
South_Sudan,4.8594,31.5713,2015,6,2015-06-30,31.08,89.37,78.82
DRC_East,-1.6872,29.2208,2015,6,2015-06-30,24.26,188.16,100.0
Kenya_North,3.119,35.6089,2015,6,2015-06-30,28.81,82.88,84.65
Uganda_Central,0.3476,32.5825,2015,7,2015-07-31,27.51,129.59,83.04
Uganda_North,3.1864,32.3144,2015,7,2015-07-31,28.65,86.53,81.0
South_Sudan,4.8594,31.5713,2015,7,2015-07-31,34.08,69.85,81.41
DRC_East,-1.6872,29.2208,2015,7,2015-07-31,29.14,145.7,91.65
Kenya_North,3.119,35.6089,2015,7,2015-07-31,29.61,60.6,66.86
Uganda_Central,0.3476,32.5825,2015,8,2015-08-31,27.78,64.67,78.36
Uganda_North,3.1864,32.3144,2015,8,2015-08-31,31.37,60.3,68.25
South_Sudan,4.8594,31.5713,2015,8,2015-08-31,34.0,38.87,64.26
DRC_East,-1.6872,29.2208,2015,8,2015-08-31,23.71,84.94,80.93
Kenya_North,3.119,35.6089,2015,8,2015-08-31,29.7,35.72,66.96
Uganda_Central,0.3476,32.5825,2015,9,2015-09-30,21.35,58.53,73.34
Uganda_North,3.1864,32.3144,2015,9,2015-09-30,26.68,51.31,76.26
South_Sudan,4.8594,31.5713,2015,9,2015-09-30,31.69,9.66,66.09
DRC_East,-1.6872,29.2208,2015,9,2015-09-30,23.15,74.09,71.84
Kenya_North,3.119,35.6089,2015,9,2015-09-30,29.3,43.86,67.1
Uganda_Central,0.3476,32.5825,2015,10,2015-10-31,23.58,103.33,84.34
Uganda_North,3.1864,32.3144,2015,10,2015-10-31,25.75,86.49,80.91
South_Sudan,4.8594,31.5713,2015,10,2015-10-31,31.33,61.3,68.0
DRC_East,-1.6872,29.2208,2015,10,2015-10-31,22.03,149.94,94.35
Kenya_North,3.119,35.6089,2015,10,2015-10-31,28.61,12.32,62.07
Uganda_Central,0.3476,32.5825,2015,11,2015-11-30,25.91,159.15,95.01
Uganda_North,3.1864,32.3144,2015,11,2015-11-30,26.38,136.83,91.93
South_Sudan,4.8594,31.5713,2015,11,2015-11-30,26.49,95.67,77.12
DRC_East,-1.6872,29.2208,2015,11,2015-11-30,26.05,192.53,89.88
Kenya_North,3.119,35.6089,2015,11,2015-11-30,24.61,72.42,69.56
Uganda_Central,0.3476,32.5825,2015,12,2015-12-31,20.55,150.51,89.23
Uganda_North,3.1864,32.3144,2015,12,2015-12-31,24.34,138.31,84.22
South_Sudan,4.8594,31.5713,2015,12,2015-12-31,29.24,86.81,82.81
DRC_East,-1.6872,29.2208,2015,12,2015-12-31,22.54,177.29,91.84
Kenya_North,3.119,35.6089,2015,12,2015-12-31,25.74,72.38,73.7
Uganda_Central,0.3476,32.5825,2016,1,2016-01-31,18.33,24.23,68.73
Uganda_North,3.1864,32.3144,2016,1,2016-01-31,24.87,83.33,72.88
South_Sudan,4.8594,31.5713,2016,1,2016-01-31,23.77,69.92,76.75
DRC_East,-1.6872,29.2208,2016,1,2016-01-31,21.04,137.95,87.97
Kenya_North,3.119,35.6089,2016,1,2016-01-31,25.07,68.78,73.29
Uganda_Central,0.3476,32.5825,2016,2,2016-02-29,22.4,66.0,63.44
Uganda_North,3.1864,32.3144,2016,2,2016-02-29,27.5,14.43,58.82
South_Sudan,4.8594,31.5713,2016,2,2016-02-29,26.99,54.02,68.35
DRC_East,-1.6872,29.2208,2016,2,2016-02-29,22.08,15.06,63.13
Kenya_North,3.119,35.6089,2016,2,2016-02-29,25.86,57.06,75.15
Uganda_Central,0.3476,32.5825,2016,3,2016-03-31,22.74,75.12,73.04
Uganda_North,3.1864,32.3144,2016,3,2016-03-31,24.52,60.08,77.4
South_Sudan,4.8594,31.5713,2016,3,2016-03-31,26.3,10.9,67.21
DRC_East,-1.6872,29.2208,2016,3,2016-03-31,18.72,77.54,85.49
Kenya_North,3.119,35.6089,2016,3,2016-03-31,23.87,29.83,66.37
Uganda_Central,0.3476,32.5825,2016,4,2016-04-30,19.04,129.81,92.58
Uganda_North,3.1864,32.3144,2016,4,2016-04-30,27.93,109.92,76.73
South_Sudan,4.8594,31.5713,2016,4,2016-04-30,30.74,17.92,68.62
DRC_East,-1.6872,29.2208,2016,4,2016-04-30,19.66,134.08,85.21
Kenya_North,3.119,35.6089,2016,4,2016-04-30,27.71,60.48,75.89
Uganda_Central,0.3476,32.5825,2016,5,2016-05-31,26.88,169.68,94.82
Uganda_North,3.1864,32.3144,2016,5,2016-05-31,28.39,135.71,83.44
South_Sudan,4.8594,31.5713,2016,5,2016-05-31,30.33,115.97,87.57
DRC_East,-1.6872,29.2208,2016,5,2016-05-31,23.39,186.17,93.18
Kenya_North,3.119,35.6089,2016,5,2016-05-31,27.84,14.79,64.3
Uganda_Central,0.3476,32.5825,2016,6,2016-06-30,24.83,29.82,68.63
Uganda_North,3.1864,32.3144,2016,6,2016-06-30,29.23,126.06,89.11
South_Sudan,4.8594,31.5713,2016,6,2016-06-30,32.51,88.5,72.77
DRC_East,-1.6872,29.2208,2016,6,2016-06-30,23.63,177.22,88.88
Kenya_North,3.119,35.6089,2016,6,2016-06-30,30.8,100.49,76.68
Uganda_Central,0.3476,32.5825,2016,7,2016-07-31,28.06,126.68,84.06
Uganda_North,3.1864,32.3144,2016,7,2016-07-31,31.09,21.73,69.12
South_Sudan,4.8594,31.5713,2016,7,2016-07-31,29.95,88.94,74.03
DRC_East,-1.6872,29.2208,2016,7,2016-07-31,27.93,137.17,78.79
Kenya_North,3.119,35.6089,2016,7,2016-07-31,33.32,79.23,80.08
Uganda_Central,0.3476,32.5825,2016,8,2016-08-31,29.71,63.24,69.92
Uganda_North,3.1864,32.3144,2016,8,2016-08-31,26.96,48.92,69.22
South_Sudan,4.8594,31.5713,2016,8,2016-08-31,29.94,46.26,70.55
DRC_East,-1.6872,29.2208,2016,8,2016-08-31,29.66,82.91,77.89
Kenya_North,3.119,35.6089,2016,8,2016-08-31,31.53,46.17,71.12
Uganda_Central,0.3476,32.5825,2016,9,2016-09-30,23.11,73.68,70.86
Uganda_North,3.1864,32.3144,2016,9,2016-09-30,29.78,69.15,74.36
South_Sudan,4.8594,31.5713,2016,9,2016-09-30,29.52,9.41,64.09
DRC_East,-1.6872,29.2208,2016,9,2016-09-30,21.02,89.55,66.41
Kenya_North,3.119,35.6089,2016,9,2016-09-30,30.95,43.56,67.86
Uganda_Central,0.3476,32.5825,2016,10,2016-10-31,23.13,104.99,83.68
Uganda_North,3.1864,32.3144,2016,10,2016-10-31,24.24,20.27,65.78
South_Sudan,4.8594,31.5713,2016,10,2016-10-31,30.69,88.01,81.44
DRC_East,-1.6872,29.2208,2016,10,2016-10-31,21.34,126.63,77.92
Kenya_North,3.119,35.6089,2016,10,2016-10-31,29.88,74.45,64.24
Uganda_Central,0.3476,32.5825,2016,11,2016-11-30,24.24,148.34,87.84
Uganda_North,3.1864,32.3144,2016,11,2016-11-30,23.0,140.73,94.06
South_Sudan,4.8594,31.5713,2016,11,2016-11-30,29.08,111.84,80.9
DRC_East,-1.6872,29.2208,2016,11,2016-11-30,17.81,176.11,85.61
Kenya_North,3.119,35.6089,2016,11,2016-11-30,24.64,85.26,84.35
Uganda_Central,0.3476,32.5825,2016,12,2016-12-31,27.21,157.73,90.81
Uganda_North,3.1864,32.3144,2016,12,2016-12-31,22.85,25.97,66.38
South_Sudan,4.8594,31.5713,2016,12,2016-12-31,23.68,100.08,80.58
DRC_East,-1.6872,29.2208,2016,12,2016-12-31,19.96,38.12,62.12
Kenya_North,3.119,35.6089,2016,12,2016-12-31,25.59,97.31,77.31
Uganda_Central,0.3476,32.5825,2017,1,2017-01-31,22.59,111.0,85.19
Uganda_North,3.1864,32.3144,2017,1,2017-01-31,25.02,102.84,86.7
South_Sudan,4.8594,31.5713,2017,1,2017-01-31,26.95,89.77,81.8
DRC_East,-1.6872,29.2208,2017,1,2017-01-31,17.3,129.7,91.43
Kenya_North,3.119,35.6089,2017,1,2017-01-31,24.03,59.57,69.93
Uganda_Central,0.3476,32.5825,2017,2,2017-02-28,24.4,74.96,82.8
Uganda_North,3.1864,32.3144,2017,2,2017-02-28,26.02,61.49,74.76
South_Sudan,4.8594,31.5713,2017,2,2017-02-28,26.86,59.54,63.73
DRC_East,-1.6872,29.2208,2017,2,2017-02-28,19.05,77.78,70.23
Kenya_North,3.119,35.6089,2017,2,2017-02-28,27.14,42.94,74.85
Uganda_Central,0.3476,32.5825,2017,3,2017-03-31,25.88,62.56,64.45
Uganda_North,3.1864,32.3144,2017,3,2017-03-31,22.94,59.52,71.3
South_Sudan,4.8594,31.5713,2017,3,2017-03-31,28.54,58.08,76.89
DRC_East,-1.6872,29.2208,2017,3,2017-03-31,19.01,15.99,59.78
Kenya_North,3.119,35.6089,2017,3,2017-03-31,24.35,53.95,71.77
Uganda_Central,0.3476,32.5825,2017,4,2017-04-30,22.03,128.74,74.08
Uganda_North,3.1864,32.3144,2017,4,2017-04-30,28.03,92.09,70.18
South_Sudan,4.8594,31.5713,2017,4,2017-04-30,30.31,87.17,65.55
DRC_East,-1.6872,29.2208,2017,4,2017-04-30,22.09,127.55,85.25
Kenya_North,3.119,35.6089,2017,4,2017-04-30,25.59,67.5,75.32
Uganda_Central,0.3476,32.5825,2017,5,2017-05-31,28.09,170.7,89.28
Uganda_North,3.1864,32.3144,2017,5,2017-05-31,26.88,118.07,84.32
South_Sudan,4.8594,31.5713,2017,5,2017-05-31,28.63,103.85,66.15
DRC_East,-1.6872,29.2208,2017,5,2017-05-31,25.83,190.78,96.49
Kenya_North,3.119,35.6089,2017,5,2017-05-31,27.02,14.43,62.22
Uganda_Central,0.3476,32.5825,2017,6,2017-06-30,29.77,143.9,84.73
Uganda_North,3.1864,32.3144,2017,6,2017-06-30,29.53,28.59,70.65
South_Sudan,4.8594,31.5713,2017,6,2017-06-30,29.91,99.31,77.8
DRC_East,-1.6872,29.2208,2017,6,2017-06-30,25.49,189.53,90.28
Kenya_North,3.119,35.6089,2017,6,2017-06-30,28.57,84.15,71.27
Uganda_Central,0.3476,32.5825,2017,7,2017-07-31,29.02,110.67,80.54
Uganda_North,3.1864,32.3144,2017,7,2017-07-31,28.42,83.54,82.32
South_Sudan,4.8594,31.5713,2017,7,2017-07-31,33.39,65.88,76.07
DRC_East,-1.6872,29.2208,2017,7,2017-07-31,27.7,129.35,88.36
Kenya_North,3.119,35.6089,2017,7,2017-07-31,31.13,64.8,64.24
Uganda_Central,0.3476,32.5825,2017,8,2017-08-31,29.56,62.41,67.54
Uganda_North,3.1864,32.3144,2017,8,2017-08-31,29.98,53.76,66.76
South_Sudan,4.8594,31.5713,2017,8,2017-08-31,34.52,62.26,75.62
DRC_East,-1.6872,29.2208,2017,8,2017-08-31,24.66,80.13,74.79
Kenya_North,3.119,35.6089,2017,8,2017-08-31,31.43,33.98,68.45
Uganda_Central,0.3476,32.5825,2017,9,2017-09-30,26.06,80.14,75.37
Uganda_North,3.1864,32.3144,2017,9,2017-09-30,27.32,73.59,72.09
South_Sudan,4.8594,31.5713,2017,9,2017-09-30,31.72,37.8,79.72
DRC_East,-1.6872,29.2208,2017,9,2017-09-30,22.94,70.88,76.96
Kenya_North,3.119,35.6089,2017,9,2017-09-30,33.34,30.65,65.54
Uganda_Central,0.3476,32.5825,2017,10,2017-10-31,23.78,108.02,90.21
Uganda_North,3.1864,32.3144,2017,10,2017-10-31,24.08,104.99,85.19
South_Sudan,4.8594,31.5713,2017,10,2017-10-31,29.46,17.24,55.93
DRC_East,-1.6872,29.2208,2017,10,2017-10-31,22.39,148.38,88.6
Kenya_North,3.119,35.6089,2017,10,2017-10-31,27.46,53.05,68.89
Uganda_Central,0.3476,32.5825,2017,11,2017-11-30,22.34,171.45,95.73
Uganda_North,3.1864,32.3144,2017,11,2017-11-30,28.27,124.66,75.86
South_Sudan,4.8594,31.5713,2017,11,2017-11-30,26.46,114.1,79.09
DRC_East,-1.6872,29.2208,2017,11,2017-11-30,23.96,175.38,97.63
Kenya_North,3.119,35.6089,2017,11,2017-11-30,28.62,15.26,63.6
Uganda_Central,0.3476,32.5825,2017,12,2017-12-31,22.92,151.68,93.56
Uganda_North,3.1864,32.3144,2017,12,2017-12-31,22.86,123.37,82.55
South_Sudan,4.8594,31.5713,2017,12,2017-12-31,26.35,109.61,75.1
DRC_East,-1.6872,29.2208,2017,12,2017-12-31,18.35,180.8,99.63
Kenya_North,3.119,35.6089,2017,12,2017-12-31,25.84,101.6,74.53
Uganda_Central,0.3476,32.5825,2018,1,2018-01-31,22.04,128.64,79.57
Uganda_North,3.1864,32.3144,2018,1,2018-01-31,21.56,86.26,77.54
South_Sudan,4.8594,31.5713,2018,1,2018-01-31,30.04,74.12,82.48
DRC_East,-1.6872,29.2208,2018,1,2018-01-31,19.01,124.14,82.65
Kenya_North,3.119,35.6089,2018,1,2018-01-31,23.39,72.97,67.86
Uganda_Central,0.3476,32.5825,2018,2,2018-02-28,23.3,80.8,66.98
Uganda_North,3.1864,32.3144,2018,2,2018-02-28,30.13,48.55,65.42
South_Sudan,4.8594,31.5713,2018,2,2018-02-28,27.65,40.19,75.31
DRC_East,-1.6872,29.2208,2018,2,2018-02-28,20.1,15.08,57.8
Kenya_North,3.119,35.6089,2018,2,2018-02-28,26.59,47.33,67.59
Uganda_Central,0.3476,32.5825,2018,3,2018-03-31,25.72,86.66,80.72
Uganda_North,3.1864,32.3144,2018,3,2018-03-31,29.34,55.5,71.78
South_Sudan,4.8594,31.5713,2018,3,2018-03-31,27.32,55.34,70.24
DRC_East,-1.6872,29.2208,2018,3,2018-03-31,20.04,81.54,85.04
Kenya_North,3.119,35.6089,2018,3,2018-03-31,27.83,48.5,68.33
Uganda_Central,0.3476,32.5825,2018,4,2018-04-30,22.55,107.39,74.28
Uganda_North,3.1864,32.3144,2018,4,2018-04-30,24.2,109.66,82.01
South_Sudan,4.8594,31.5713,2018,4,2018-04-30,33.46,74.35,76.26
DRC_East,-1.6872,29.2208,2018,4,2018-04-30,23.84,139.25,80.73
Kenya_North,3.119,35.6089,2018,4,2018-04-30,28.23,78.31,77.32
Uganda_Central,0.3476,32.5825,2018,5,2018-05-31,28.26,167.92,93.66
Uganda_North,3.1864,32.3144,2018,5,2018-05-31,30.15,117.68,78.91
South_Sudan,4.8594,31.5713,2018,5,2018-05-31,29.98,96.12,77.37
DRC_East,-1.6872,29.2208,2018,5,2018-05-31,23.97,198.59,100.0
Kenya_North,3.119,35.6089,2018,5,2018-05-31,31.53,88.95,73.26
Uganda_Central,0.3476,32.5825,2018,6,2018-06-30,23.06,161.33,94.19
Uganda_North,3.1864,32.3144,2018,6,2018-06-30,31.61,140.54,83.36
South_Sudan,4.8594,31.5713,2018,6,2018-06-30,29.77,94.9,78.38
DRC_East,-1.6872,29.2208,2018,6,2018-06-30,28.63,39.38,75.14
Kenya_North,3.119,35.6089,2018,6,2018-06-30,28.3,97.77,85.03
Uganda_Central,0.3476,32.5825,2018,7,2018-07-31,25.41,123.07,81.98
Uganda_North,3.1864,32.3144,2018,7,2018-07-31,31.77,98.32,83.73
South_Sudan,4.8594,31.5713,2018,7,2018-07-31,35.19,63.9,74.62
DRC_East,-1.6872,29.2208,2018,7,2018-07-31,26.22,25.94,72.52
Kenya_North,3.119,35.6089,2018,7,2018-07-31,26.58,73.7,80.41
Uganda_Central,0.3476,32.5825,2018,8,2018-08-31,29.22,86.38,73.09
Uganda_North,3.1864,32.3144,2018,8,2018-08-31,27.44,14.96,54.29
South_Sudan,4.8594,31.5713,2018,8,2018-08-31,33.56,55.92,71.41
DRC_East,-1.6872,29.2208,2018,8,2018-08-31,25.62,71.41,79.48
Kenya_North,3.119,35.6089,2018,8,2018-08-31,30.89,57.07,72.77
Uganda_Central,0.3476,32.5825,2018,9,2018-09-30,26.28,73.01,72.34
Uganda_North,3.1864,32.3144,2018,9,2018-09-30,28.52,63.34,76.96
South_Sudan,4.8594,31.5713,2018,9,2018-09-30,29.39,46.92,72.16
DRC_East,-1.6872,29.2208,2018,9,2018-09-30,25.69,14.37,60.9
Kenya_North,3.119,35.6089,2018,9,2018-09-30,31.73,48.95,70.47
Uganda_Central,0.3476,32.5825,2018,10,2018-10-31,26.83,101.44,82.8
Uganda_North,3.1864,32.3144,2018,10,2018-10-31,31.88,103.83,80.3
South_Sudan,4.8594,31.5713,2018,10,2018-10-31,28.02,72.15,77.69
DRC_East,-1.6872,29.2208,2018,10,2018-10-31,23.47,122.04,86.64
Kenya_North,3.119,35.6089,2018,10,2018-10-31,30.49,70.05,67.35
Uganda_Central,0.3476,32.5825,2018,11,2018-11-30,20.97,149.0,86.77
Uganda_North,3.1864,32.3144,2018,11,2018-11-30,22.2,140.17,91.77
South_Sudan,4.8594,31.5713,2018,11,2018-11-30,28.68,94.95,78.79
DRC_East,-1.6872,29.2208,2018,11,2018-11-30,21.58,201.31,100.0
Kenya_North,3.119,35.6089,2018,11,2018-11-30,27.57,90.84,83.8
Uganda_Central,0.3476,32.5825,2018,12,2018-12-31,19.65,162.59,87.8
Uganda_North,3.1864,32.3144,2018,12,2018-12-31,26.79,125.69,77.62
South_Sudan,4.8594,31.5713,2018,12,2018-12-31,27.73,87.13,88.0
DRC_East,-1.6872,29.2208,2018,12,2018-12-31,18.58,187.15,100.0
Kenya_North,3.119,35.6089,2018,12,2018-12-31,25.7,85.45,70.94
Uganda_Central,0.3476,32.5825,2019,1,2019-01-31,22.99,116.11,81.35
Uganda_North,3.1864,32.3144,2019,1,2019-01-31,17.66,19.84,58.41
South_Sudan,4.8594,31.5713,2019,1,2019-01-31,27.18,84.02,81.84
DRC_East,-1.6872,29.2208,2019,1,2019-01-31,20.7,144.3,84.59
Kenya_North,3.119,35.6089,2019,1,2019-01-31,22.65,12.28,57.8
Uganda_Central,0.3476,32.5825,2019,2,2019-02-28,21.92,61.66,69.04
Uganda_North,3.1864,32.3144,2019,2,2019-02-28,27.24,53.05,70.61
South_Sudan,4.8594,31.5713,2019,2,2019-02-28,25.89,57.35,72.84
DRC_East,-1.6872,29.2208,2019,2,2019-02-28,19.57,79.91,70.19
Kenya_North,3.119,35.6089,2019,2,2019-02-28,27.18,44.32,78.18
Uganda_Central,0.3476,32.5825,2019,3,2019-03-31,23.6,78.0,75.55
Uganda_North,3.1864,32.3144,2019,3,2019-03-31,23.17,14.71,58.74
South_Sudan,4.8594,31.5713,2019,3,2019-03-31,30.54,55.65,66.99
DRC_East,-1.6872,29.2208,2019,3,2019-03-31,24.13,86.34,78.29
Kenya_North,3.119,35.6089,2019,3,2019-03-31,25.76,45.57,63.52
Uganda_Central,0.3476,32.5825,2019,4,2019-04-30,28.71,21.03,62.99
Uganda_North,3.1864,32.3144,2019,4,2019-04-30,25.64,106.6,81.81
South_Sudan,4.8594,31.5713,2019,4,2019-04-30,30.63,17.99,60.37
DRC_East,-1.6872,29.2208,2019,4,2019-04-30,20.61,120.4,89.0
Kenya_North,3.119,35.6089,2019,4,2019-04-30,26.54,71.85,75.06
Uganda_Central,0.3476,32.5825,2019,5,2019-05-31,26.74,164.0,91.01
Uganda_North,3.1864,32.3144,2019,5,2019-05-31,27.09,142.05,96.97
South_Sudan,4.8594,31.5713,2019,5,2019-05-31,31.35,108.15,85.06
DRC_East,-1.6872,29.2208,2019,5,2019-05-31,22.18,181.52,100.0
Kenya_North,3.119,35.6089,2019,5,2019-05-31,28.94,93.66,76.35
Uganda_Central,0.3476,32.5825,2019,6,2019-06-30,26.24,157.99,82.61
Uganda_North,3.1864,32.3144,2019,6,2019-06-30,30.66,114.93,86.52
South_Sudan,4.8594,31.5713,2019,6,2019-06-30,30.99,106.1,81.12
DRC_East,-1.6872,29.2208,2019,6,2019-06-30,23.81,200.8,99.61
Kenya_North,3.119,35.6089,2019,6,2019-06-30,31.96,17.15,64.38
Uganda_Central,0.3476,32.5825,2019,7,2019-07-31,28.94,106.15,79.21
Uganda_North,3.1864,32.3144,2019,7,2019-07-31,29.46,87.67,78.61
South_Sudan,4.8594,31.5713,2019,7,2019-07-31,35.34,64.75,77.88
DRC_East,-1.6872,29.2208,2019,7,2019-07-31,24.87,125.1,92.23
Kenya_North,3.119,35.6089,2019,7,2019-07-31,30.64,71.65,63.69
Uganda_Central,0.3476,32.5825,2019,8,2019-08-31,30.03,72.49,74.88
Uganda_North,3.1864,32.3144,2019,8,2019-08-31,30.36,61.63,72.74
South_Sudan,4.8594,31.5713,2019,8,2019-08-31,35.01,44.65,63.71
DRC_East,-1.6872,29.2208,2019,8,2019-08-31,25.77,93.54,73.76
Kenya_North,3.119,35.6089,2019,8,2019-08-31,30.67,7.83,57.15
Uganda_Central,0.3476,32.5825,2019,9,2019-09-30,26.8,57.36,65.51
Uganda_North,3.1864,32.3144,2019,9,2019-09-30,32.21,68.25,75.58
South_Sudan,4.8594,31.5713,2019,9,2019-09-30,30.49,61.09,73.98
DRC_East,-1.6872,29.2208,2019,9,2019-09-30,24.17,77.58,81.38
Kenya_North,3.119,35.6089,2019,9,2019-09-30,26.57,38.57,77.9
Uganda_Central,0.3476,32.5825,2019,10,2019-10-31,24.15,107.54,79.99
Uganda_North,3.1864,32.3144,2019,10,2019-10-31,27.2,82.08,89.01
South_Sudan,4.8594,31.5713,2019,10,2019-10-31,27.89,69.6,70.02
DRC_East,-1.6872,29.2208,2019,10,2019-10-31,23.46,148.65,83.14
Kenya_North,3.119,35.6089,2019,10,2019-10-31,26.84,72.66,75.24
Uganda_Central,0.3476,32.5825,2019,11,2019-11-30,23.33,159.73,90.65
Uganda_North,3.1864,32.3144,2019,11,2019-11-30,26.94,115.31,73.31
South_Sudan,4.8594,31.5713,2019,11,2019-11-30,27.19,99.8,80.9
DRC_East,-1.6872,29.2208,2019,11,2019-11-30,25.27,38.84,71.35
Kenya_North,3.119,35.6089,2019,11,2019-11-30,25.47,81.67,77.39
Uganda_Central,0.3476,32.5825,2019,12,2019-12-31,21.52,148.23,96.71
Uganda_North,3.1864,32.3144,2019,12,2019-12-31,22.66,136.1,91.52
South_Sudan,4.8594,31.5713,2019,12,2019-12-31,25.46,114.95,75.71
DRC_East,-1.6872,29.2208,2019,12,2019-12-31,18.08,36.52,66.5
Kenya_North,3.119,35.6089,2019,12,2019-12-31,25.0,93.25,77.44
Uganda_Central,0.3476,32.5825,2020,1,2020-01-31,22.09,128.99,84.56
Uganda_North,3.1864,32.3144,2020,1,2020-01-31,26.94,107.68,82.49
South_Sudan,4.8594,31.5713,2020,1,2020-01-31,26.24,72.81,74.68
DRC_East,-1.6872,29.2208,2020,1,2020-01-31,20.53,149.3,87.04
Kenya_North,3.119,35.6089,2020,1,2020-01-31,24.01,52.72,74.02
Uganda_Central,0.3476,32.5825,2020,2,2020-02-29,22.37,61.22,79.12
Uganda_North,3.1864,32.3144,2020,2,2020-02-29,25.89,12.22,57.03
South_Sudan,4.8594,31.5713,2020,2,2020-02-29,26.56,61.7,69.75
DRC_East,-1.6872,29.2208,2020,2,2020-02-29,18.89,79.49,69.49
Kenya_North,3.119,35.6089,2020,2,2020-02-29,24.09,37.76,62.24
Uganda_Central,0.3476,32.5825,2020,3,2020-03-31,25.68,11.78,62.82
Uganda_North,3.1864,32.3144,2020,3,2020-03-31,24.77,68.8,69.64
South_Sudan,4.8594,31.5713,2020,3,2020-03-31,30.6,37.74,64.07
DRC_East,-1.6872,29.2208,2020,3,2020-03-31,23.11,18.64,63.0
Kenya_North,3.119,35.6089,2020,3,2020-03-31,24.69,9.49,66.3
Uganda_Central,0.3476,32.5825,2020,4,2020-04-30,24.59,108.29,72.53
Uganda_North,3.1864,32.3144,2020,4,2020-04-30,31.19,16.26,61.74
South_Sudan,4.8594,31.5713,2020,4,2020-04-30,32.59,61.77,75.4
DRC_East,-1.6872,29.2208,2020,4,2020-04-30,21.38,28.67,66.62
Kenya_North,3.119,35.6089,2020,4,2020-04-30,31.29,58.82,71.29
Uganda_Central,0.3476,32.5825,2020,5,2020-05-31,27.51,167.94,96.01
Uganda_North,3.1864,32.3144,2020,5,2020-05-31,29.41,143.94,89.33
South_Sudan,4.8594,31.5713,2020,5,2020-05-31,30.18,115.82,86.54
DRC_East,-1.6872,29.2208,2020,5,2020-05-31,24.39,39.32,67.77
Kenya_North,3.119,35.6089,2020,5,2020-05-31,28.92,80.27,79.95
Uganda_Central,0.3476,32.5825,2020,6,2020-06-30,25.57,163.64,89.66
Uganda_North,3.1864,32.3144,2020,6,2020-06-30,31.0,138.05,77.0
South_Sudan,4.8594,31.5713,2020,6,2020-06-30,34.29,93.13,76.16
DRC_East,-1.6872,29.2208,2020,6,2020-06-30,25.64,189.33,95.26
Kenya_North,3.119,35.6089,2020,6,2020-06-30,29.39,90.65,82.67
Uganda_Central,0.3476,32.5825,2020,7,2020-07-31,31.24,100.7,74.12
Uganda_North,3.1864,32.3144,2020,7,2020-07-31,30.37,87.25,77.09
South_Sudan,4.8594,31.5713,2020,7,2020-07-31,31.2,66.17,78.33
DRC_East,-1.6872,29.2208,2020,7,2020-07-31,24.38,128.01,82.26
Kenya_North,3.119,35.6089,2020,7,2020-07-31,27.39,70.46,74.12
Uganda_Central,0.3476,32.5825,2020,8,2020-08-31,26.29,67.58,74.03
Uganda_North,3.1864,32.3144,2020,8,2020-08-31,28.84,47.29,70.67
South_Sudan,4.8594,31.5713,2020,8,2020-08-31,33.94,58.34,73.13
DRC_East,-1.6872,29.2208,2020,8,2020-08-31,26.06,79.15,77.36
Kenya_North,3.119,35.6089,2020,8,2020-08-31,31.0,52.1,71.42
Uganda_Central,0.3476,32.5825,2020,9,2020-09-30,27.05,76.12,77.87
Uganda_North,3.1864,32.3144,2020,9,2020-09-30,29.57,72.19,64.0
South_Sudan,4.8594,31.5713,2020,9,2020-09-30,33.42,60.79,77.32
DRC_East,-1.6872,29.2208,2020,9,2020-09-30,22.98,96.37,83.09
Kenya_North,3.119,35.6089,2020,9,2020-09-30,27.79,57.55,71.22
Uganda_Central,0.3476,32.5825,2020,10,2020-10-31,25.76,108.72,79.03
Uganda_North,3.1864,32.3144,2020,10,2020-10-31,30.53,19.95,67.6
South_Sudan,4.8594,31.5713,2020,10,2020-10-31,31.54,80.94,81.85
DRC_East,-1.6872,29.2208,2020,10,2020-10-31,23.4,131.75,90.46
Kenya_North,3.119,35.6089,2020,10,2020-10-31,27.1,72.09,88.3
Uganda_Central,0.3476,32.5825,2020,11,2020-11-30,23.43,31.43,69.94
Uganda_North,3.1864,32.3144,2020,11,2020-11-30,27.11,115.68,81.77
South_Sudan,4.8594,31.5713,2020,11,2020-11-30,30.56,92.29,74.23
DRC_East,-1.6872,29.2208,2020,11,2020-11-30,21.42,186.46,94.61
Kenya_North,3.119,35.6089,2020,11,2020-11-30,30.17,84.33,78.16
Uganda_Central,0.3476,32.5825,2020,12,2020-12-31,23.35,143.85,83.89
Uganda_North,3.1864,32.3144,2020,12,2020-12-31,22.65,123.05,86.25
South_Sudan,4.8594,31.5713,2020,12,2020-12-31,26.86,94.69,85.54
DRC_East,-1.6872,29.2208,2020,12,2020-12-31,19.46,174.14,100.0
Kenya_North,3.119,35.6089,2020,12,2020-12-31,25.07,95.01,87.3
Uganda_Central,0.3476,32.5825,2021,1,2021-01-31,22.5,122.75,91.34
Uganda_North,3.1864,32.3144,2021,1,2021-01-31,23.07,86.44,80.24
South_Sudan,4.8594,31.5713,2021,1,2021-01-31,26.82,61.2,76.56
DRC_East,-1.6872,29.2208,2021,1,2021-01-31,18.12,136.77,84.18
Kenya_North,3.119,35.6089,2021,1,2021-01-31,22.69,53.97,64.21
Uganda_Central,0.3476,32.5825,2021,2,2021-02-28,25.57,74.56,71.15
Uganda_North,3.1864,32.3144,2021,2,2021-02-28,24.72,62.37,79.44
South_Sudan,4.8594,31.5713,2021,2,2021-02-28,27.93,38.76,67.41
DRC_East,-1.6872,29.2208,2021,2,2021-02-28,23.19,81.45,72.89
Kenya_North,3.119,35.6089,2021,2,2021-02-28,26.32,53.36,65.7
Uganda_Central,0.3476,32.5825,2021,3,2021-03-31,24.66,12.95,64.55
Uganda_North,3.1864,32.3144,2021,3,2021-03-31,23.06,74.52,77.83
South_Sudan,4.8594,31.5713,2021,3,2021-03-31,26.15,43.34,74.82
DRC_East,-1.6872,29.2208,2021,3,2021-03-31,21.63,78.25,75.64
Kenya_North,3.119,35.6089,2021,3,2021-03-31,24.74,31.94,71.6
Uganda_Central,0.3476,32.5825,2021,4,2021-04-30,20.03,121.17,85.08
Uganda_North,3.1864,32.3144,2021,4,2021-04-30,31.75,81.07,79.0
South_Sudan,4.8594,31.5713,2021,4,2021-04-30,33.9,68.15,70.64
DRC_East,-1.6872,29.2208,2021,4,2021-04-30,23.92,127.0,83.78
Kenya_North,3.119,35.6089,2021,4,2021-04-30,28.1,15.42,58.12
Uganda_Central,0.3476,32.5825,2021,5,2021-05-31,25.57,152.04,96.12
Uganda_North,3.1864,32.3144,2021,5,2021-05-31,26.85,127.34,83.2
South_Sudan,4.8594,31.5713,2021,5,2021-05-31,30.35,91.35,76.68
DRC_East,-1.6872,29.2208,2021,5,2021-05-31,25.8,36.6,71.51
Kenya_North,3.119,35.6089,2021,5,2021-05-31,25.77,83.1,64.69
Uganda_Central,0.3476,32.5825,2021,6,2021-06-30,29.88,162.63,95.11
Uganda_North,3.1864,32.3144,2021,6,2021-06-30,27.72,126.87,77.63
South_Sudan,4.8594,31.5713,2021,6,2021-06-30,32.72,91.09,89.68
DRC_East,-1.6872,29.2208,2021,6,2021-06-30,25.38,185.75,100.0
Kenya_North,3.119,35.6089,2021,6,2021-06-30,29.04,85.29,89.76
Uganda_Central,0.3476,32.5825,2021,7,2021-07-31,28.45,127.85,88.24
Uganda_North,3.1864,32.3144,2021,7,2021-07-31,31.23,104.28,85.12
South_Sudan,4.8594,31.5713,2021,7,2021-07-31,34.72,82.69,71.85
DRC_East,-1.6872,29.2208,2021,7,2021-07-31,28.57,131.9,93.03
Kenya_North,3.119,35.6089,2021,7,2021-07-31,32.15,66.56,77.37
Uganda_Central,0.3476,32.5825,2021,8,2021-08-31,26.37,74.05,69.06
Uganda_North,3.1864,32.3144,2021,8,2021-08-31,27.79,56.4,71.36
South_Sudan,4.8594,31.5713,2021,8,2021-08-31,34.47,38.41,72.97
DRC_East,-1.6872,29.2208,2021,8,2021-08-31,22.78,95.22,84.43
Kenya_North,3.119,35.6089,2021,8,2021-08-31,31.47,53.47,72.27
Uganda_Central,0.3476,32.5825,2021,9,2021-09-30,25.81,14.83,60.27
Uganda_North,3.1864,32.3144,2021,9,2021-09-30,29.26,72.06,75.6
South_Sudan,4.8594,31.5713,2021,9,2021-09-30,32.95,57.37,76.93
DRC_East,-1.6872,29.2208,2021,9,2021-09-30,22.52,93.53,81.71
Kenya_North,3.119,35.6089,2021,9,2021-09-30,32.72,57.69,71.22
Uganda_Central,0.3476,32.5825,2021,10,2021-10-31,25.75,103.95,87.05
Uganda_North,3.1864,32.3144,2021,10,2021-10-31,27.96,107.15,80.1
South_Sudan,4.8594,31.5713,2021,10,2021-10-31,29.15,63.21,67.25
DRC_East,-1.6872,29.2208,2021,10,2021-10-31,22.81,134.31,84.99
Kenya_North,3.119,35.6089,2021,10,2021-10-31,25.78,69.71,74.51
Uganda_Central,0.3476,32.5825,2021,11,2021-11-30,24.9,160.97,90.28
Uganda_North,3.1864,32.3144,2021,11,2021-11-30,24.46,128.76,84.62
South_Sudan,4.8594,31.5713,2021,11,2021-11-30,26.84,94.7,80.93
DRC_East,-1.6872,29.2208,2021,11,2021-11-30,17.83,201.73,100.0
Kenya_North,3.119,35.6089,2021,11,2021-11-30,27.95,81.29,70.2
Uganda_Central,0.3476,32.5825,2021,12,2021-12-31,24.45,161.07,92.82
Uganda_North,3.1864,32.3144,2021,12,2021-12-31,22.97,136.58,85.24
South_Sudan,4.8594,31.5713,2021,12,2021-12-31,29.33,94.8,74.34
DRC_East,-1.6872,29.2208,2021,12,2021-12-31,19.26,180.43,90.63
Kenya_North,3.119,35.6089,2021,12,2021-12-31,24.81,19.71,63.56
Uganda_Central,0.3476,32.5825,2022,1,2022-01-31,20.83,124.76,84.72
Uganda_North,3.1864,32.3144,2022,1,2022-01-31,26.9,104.85,84.71
South_Sudan,4.8594,31.5713,2022,1,2022-01-31,24.25,64.42,71.3
DRC_East,-1.6872,29.2208,2022,1,2022-01-31,19.86,137.58,89.32
Kenya_North,3.119,35.6089,2022,1,2022-01-31,24.96,61.83,79.37
Uganda_Central,0.3476,32.5825,2022,2,2022-02-28,20.15,57.0,66.81
Uganda_North,3.1864,32.3144,2022,2,2022-02-28,25.49,53.95,61.98
South_Sudan,4.8594,31.5713,2022,2,2022-02-28,25.97,8.54,60.47
DRC_East,-1.6872,29.2208,2022,2,2022-02-28,19.11,81.48,79.18
Kenya_North,3.119,35.6089,2022,2,2022-02-28,23.95,51.19,65.8
Uganda_Central,0.3476,32.5825,2022,3,2022-03-31,25.84,70.17,75.79
Uganda_North,3.1864,32.3144,2022,3,2022-03-31,26.52,54.22,76.26
South_Sudan,4.8594,31.5713,2022,3,2022-03-31,27.85,52.3,70.35
DRC_East,-1.6872,29.2208,2022,3,2022-03-31,23.48,18.74,59.9
Kenya_North,3.119,35.6089,2022,3,2022-03-31,27.42,55.1,60.76
Uganda_Central,0.3476,32.5825,2022,4,2022-04-30,24.17,129.13,89.57
Uganda_North,3.1864,32.3144,2022,4,2022-04-30,30.12,96.32,73.5
South_Sudan,4.8594,31.5713,2022,4,2022-04-30,31.31,68.72,78.43
DRC_East,-1.6872,29.2208,2022,4,2022-04-30,23.29,121.88,85.78
Kenya_North,3.119,35.6089,2022,4,2022-04-30,25.29,56.76,71.56
Uganda_Central,0.3476,32.5825,2022,5,2022-05-31,24.47,150.48,92.5
Uganda_North,3.1864,32.3144,2022,5,2022-05-31,29.5,132.05,91.11
South_Sudan,4.8594,31.5713,2022,5,2022-05-31,29.43,110.6,85.77
DRC_East,-1.6872,29.2208,2022,5,2022-05-31,28.02,175.69,89.77
Kenya_North,3.119,35.6089,2022,5,2022-05-31,28.74,72.85,72.33
Uganda_Central,0.3476,32.5825,2022,6,2022-06-30,28.85,166.73,96.93
Uganda_North,3.1864,32.3144,2022,6,2022-06-30,26.11,141.6,87.1
South_Sudan,4.8594,31.5713,2022,6,2022-06-30,31.63,114.96,87.48
DRC_East,-1.6872,29.2208,2022,6,2022-06-30,25.13,194.07,92.0
Kenya_North,3.119,35.6089,2022,6,2022-06-30,30.77,89.41,80.34
Uganda_Central,0.3476,32.5825,2022,7,2022-07-31,31.56,102.66,67.73
Uganda_North,3.1864,32.3144,2022,7,2022-07-31,28.71,96.48,75.1
South_Sudan,4.8594,31.5713,2022,7,2022-07-31,33.94,16.89,53.78
DRC_East,-1.6872,29.2208,2022,7,2022-07-31,29.53,147.02,87.83
Kenya_North,3.119,35.6089,2022,7,2022-07-31,30.43,54.05,75.05
Uganda_Central,0.3476,32.5825,2022,8,2022-08-31,28.26,62.63,76.57
Uganda_North,3.1864,32.3144,2022,8,2022-08-31,27.59,66.08,74.04
South_Sudan,4.8594,31.5713,2022,8,2022-08-31,32.24,63.7,75.41
DRC_East,-1.6872,29.2208,2022,8,2022-08-31,25.98,80.87,82.85
Kenya_North,3.119,35.6089,2022,8,2022-08-31,28.33,9.54,59.07
Uganda_Central,0.3476,32.5825,2022,9,2022-09-30,28.72,16.67,68.83
Uganda_North,3.1864,32.3144,2022,9,2022-09-30,30.13,10.16,59.7
South_Sudan,4.8594,31.5713,2022,9,2022-09-30,33.5,48.52,76.17
DRC_East,-1.6872,29.2208,2022,9,2022-09-30,22.28,84.19,74.17
Kenya_North,3.119,35.6089,2022,9,2022-09-30,29.8,51.64,74.3
Uganda_Central,0.3476,32.5825,2022,10,2022-10-31,24.31,125.41,82.25
Uganda_North,3.1864,32.3144,2022,10,2022-10-31,24.69,102.01,83.99
South_Sudan,4.8594,31.5713,2022,10,2022-10-31,30.23,86.6,85.1
DRC_East,-1.6872,29.2208,2022,10,2022-10-31,27.42,130.31,77.49
Kenya_North,3.119,35.6089,2022,10,2022-10-31,24.85,75.28,67.57
Uganda_Central,0.3476,32.5825,2022,11,2022-11-30,22.72,166.14,92.45
Uganda_North,3.1864,32.3144,2022,11,2022-11-30,25.95,137.94,88.95
South_Sudan,4.8594,31.5713,2022,11,2022-11-30,31.25,22.2,72.19
DRC_East,-1.6872,29.2208,2022,11,2022-11-30,21.23,187.72,93.8
Kenya_North,3.119,35.6089,2022,11,2022-11-30,26.83,99.77,75.07
Uganda_Central,0.3476,32.5825,2022,12,2022-12-31,20.23,149.48,89.18
Uganda_North,3.1864,32.3144,2022,12,2022-12-31,23.58,143.44,81.41
South_Sudan,4.8594,31.5713,2022,12,2022-12-31,27.65,86.0,80.07
DRC_East,-1.6872,29.2208,2022,12,2022-12-31,22.37,35.4,76.28
Kenya_North,3.119,35.6089,2022,12,2022-12-31,23.88,84.09,77.11
Uganda_Central,0.3476,32.5825,2023,1,2023-01-31,22.19,109.89,81.92
Uganda_North,3.1864,32.3144,2023,1,2023-01-31,24.49,94.1,83.74
South_Sudan,4.8594,31.5713,2023,1,2023-01-31,28.24,69.84,73.38
DRC_East,-1.6872,29.2208,2023,1,2023-01-31,19.34,136.26,92.31
Kenya_North,3.119,35.6089,2023,1,2023-01-31,25.79,73.96,73.11
Uganda_Central,0.3476,32.5825,2023,2,2023-02-28,22.34,77.3,88.09
Uganda_North,3.1864,32.3144,2023,2,2023-02-28,24.15,14.73,60.16
South_Sudan,4.8594,31.5713,2023,2,2023-02-28,27.66,12.77,65.36
DRC_East,-1.6872,29.2208,2023,2,2023-02-28,21.24,76.76,72.13
Kenya_North,3.119,35.6089,2023,2,2023-02-28,24.93,46.89,67.17
Uganda_Central,0.3476,32.5825,2023,3,2023-03-31,24.84,74.87,88.48
Uganda_North,3.1864,32.3144,2023,3,2023-03-31,25.83,60.59,78.4
South_Sudan,4.8594,31.5713,2023,3,2023-03-31,31.27,62.63,78.79
DRC_East,-1.6872,29.2208,2023,3,2023-03-31,21.38,75.94,80.21
Kenya_North,3.119,35.6089,2023,3,2023-03-31,23.27,33.7,65.78
Uganda_Central,0.3476,32.5825,2023,4,2023-04-30,27.12,108.12,80.02
Uganda_North,3.1864,32.3144,2023,4,2023-04-30,29.2,102.61,84.38
South_Sudan,4.8594,31.5713,2023,4,2023-04-30,29.47,73.76,65.95
DRC_East,-1.6872,29.2208,2023,4,2023-04-30,20.59,135.58,80.99
Kenya_North,3.119,35.6089,2023,4,2023-04-30,28.35,63.54,72.05
Uganda_Central,0.3476,32.5825,2023,5,2023-05-31,27.69,151.58,91.85
Uganda_North,3.1864,32.3144,2023,5,2023-05-31,29.83,132.44,87.38
South_Sudan,4.8594,31.5713,2023,5,2023-05-31,30.98,111.32,86.32
DRC_East,-1.6872,29.2208,2023,5,2023-05-31,25.22,177.69,98.66
Kenya_North,3.119,35.6089,2023,5,2023-05-31,31.27,19.67,59.12
Uganda_Central,0.3476,32.5825,2023,6,2023-06-30,27.87,170.13,84.12
Uganda_North,3.1864,32.3144,2023,6,2023-06-30,30.36,24.4,71.99
South_Sudan,4.8594,31.5713,2023,6,2023-06-30,32.97,103.76,81.59
DRC_East,-1.6872,29.2208,2023,6,2023-06-30,23.88,172.55,88.73
Kenya_North,3.119,35.6089,2023,6,2023-06-30,32.64,79.58,75.28
Uganda_Central,0.3476,32.5825,2023,7,2023-07-31,27.03,122.32,79.12
Uganda_North,3.1864,32.3144,2023,7,2023-07-31,29.51,104.6,85.92
South_Sudan,4.8594,31.5713,2023,7,2023-07-31,31.83,83.42,73.51
DRC_East,-1.6872,29.2208,2023,7,2023-07-31,24.77,124.03,84.01
Kenya_North,3.119,35.6089,2023,7,2023-07-31,31.78,64.7,70.6
Uganda_Central,0.3476,32.5825,2023,8,2023-08-31,26.55,62.7,76.43
Uganda_North,3.1864,32.3144,2023,8,2023-08-31,30.4,74.36,79.54
South_Sudan,4.8594,31.5713,2023,8,2023-08-31,34.4,35.18,72.76
DRC_East,-1.6872,29.2208,2023,8,2023-08-31,26.02,85.81,78.07
Kenya_North,3.119,35.6089,2023,8,2023-08-31,32.16,48.42,70.63
Uganda_Central,0.3476,32.5825,2023,9,2023-09-30,28.16,74.93,76.44
Uganda_North,3.1864,32.3144,2023,9,2023-09-30,29.92,59.49,67.05
South_Sudan,4.8594,31.5713,2023,9,2023-09-30,29.64,57.57,74.55
DRC_East,-1.6872,29.2208,2023,9,2023-09-30,26.55,86.17,80.77
Kenya_North,3.119,35.6089,2023,9,2023-09-30,26.76,29.31,68.95
Uganda_Central,0.3476,32.5825,2023,10,2023-10-31,24.93,21.9,62.11
Uganda_North,3.1864,32.3144,2023,10,2023-10-31,27.34,100.4,76.86
South_Sudan,4.8594,31.5713,2023,10,2023-10-31,32.64,72.18,74.86
DRC_East,-1.6872,29.2208,2023,10,2023-10-31,22.18,137.09,83.83
Kenya_North,3.119,35.6089,2023,10,2023-10-31,26.96,60.24,75.33
Uganda_Central,0.3476,32.5825,2023,11,2023-11-30,25.43,170.86,95.21
Uganda_North,3.1864,32.3144,2023,11,2023-11-30,28.41,132.64,90.55
South_Sudan,4.8594,31.5713,2023,11,2023-11-30,28.64,114.63,81.85
DRC_East,-1.6872,29.2208,2023,11,2023-11-30,22.6,179.89,89.1
Kenya_North,3.119,35.6089,2023,11,2023-11-30,24.98,15.98,68.96
Uganda_Central,0.3476,32.5825,2023,12,2023-12-31,20.15,155.73,94.2
Uganda_North,3.1864,32.3144,2023,12,2023-12-31,23.16,135.22,85.39
South_Sudan,4.8594,31.5713,2023,12,2023-12-31,27.18,113.6,85.5
DRC_East,-1.6872,29.2208,2023,12,2023-12-31,20.04,184.85,89.95
Kenya_North,3.119,35.6089,2023,12,2023-12-31,22.77,96.68,76.25
